{
  "hash": "96d74a32",
  "configHash": "7011346c",
  "lockfileHash": "af6636c4",
  "browserHash": "ba8f1ee2",
  "optimized": {
    "@angular/common/http": {
      "src": "../../../../../../node_modules/@angular/common/fesm2022/http.mjs",
      "file": "@angular_common_http.js",
      "fileHash": "fc4498ce",
      "needsInterop": false
    },
    "@angular/core": {
      "src": "../../../../../../node_modules/@angular/core/fesm2022/core.mjs",
      "file": "@angular_core.js",
      "fileHash": "77aeab09",
      "needsInterop": false
    },
    "@angular/platform-browser": {
      "src": "../../../../../../node_modules/@angular/platform-browser/fesm2022/platform-browser.mjs",
      "file": "@angular_platform-browser.js",
      "fileHash": "2e84a123",
      "needsInterop": false
    },
    "@angular/router": {
      "src": "../../../../../../node_modules/@angular/router/fesm2022/router.mjs",
      "file": "@angular_router.js",
      "fileHash": "06cc368a",
      "needsInterop": false
    },
    "rxjs": {
      "src": "../../../../../../node_modules/rxjs/dist/esm5/index.js",
      "file": "rxjs.js",
      "fileHash": "868b8c19",
      "needsInterop": false
    },
    "zone.js": {
      "src": "../../../../../../node_modules/zone.js/fesm2015/zone.js",
      "file": "zone__js.js",
      "fileHash": "7a427a10",
      "needsInterop": true
    },
    "@angular/common": {
      "src": "../../../../../../node_modules/@angular/common/fesm2022/common.mjs",
      "file": "@angular_common.js",
      "fileHash": "5b8855a1",
      "needsInterop": false
    }
  },
  "chunks": {
    "chunk-YJH52PWY": {
      "file": "chunk-YJH52PWY.js"
    },
    "chunk-C5ODBA2I": {
      "file": "chunk-C5ODBA2I.js"
    },
    "chunk-JUF3YHF4": {
      "file": "chunk-JUF3YHF4.js"
    },
    "chunk-WGQN7DY4": {
      "file": "chunk-WGQN7DY4.js"
    },
    "chunk-2OC7KYYQ": {
      "file": "chunk-2OC7KYYQ.js"
    },
    "chunk-RSS3ODKE": {
      "file": "chunk-RSS3ODKE.js"
    },
    "chunk-WDMUDEB6": {
      "file": "chunk-WDMUDEB6.js"
    }
  }
}